{
	"format_version": "1.8.0",
	"animations": {
		"static_idle": {
			"loop": true,
			"bones": {
				"lefthand": {
					"rotation": [87.5062, -33.53405, -140.06529],
					"position": [8.18, -13.28, -19.06],
					"scale": [1, 1.5, 1]
				},
				"righthand": {
					"rotation": [107.13921, 12.31529, -176.94329],
					"position": [-6.44, -13.45, -5.23],
					"scale": [1, 1.5, 1]
				},
				"constraint": {
					"rotation": [0.2, 0.2, 0.25],
					"position": [0, 0, 0]
				}
			}
		},
		"reload_tactical": {
			"loop": "hold_on_last_frame",
			"animation_length": 3.3333,
			"bones": {
				"lefthand": {
					"rotation": {
						"0.0": [87.5062, -33.53405, -140.06529],
						"0.0833": [89.20392, -21.12898, -138.32827],
						"0.1667": [104.75985, -15.31073, -185.47149],
						"0.2083": [104.75985, -15.31073, -185.47149],
						"0.25": [110.02277, -6.93567, -212.20256],
						"0.2917": [110.02277, -6.93567, -212.20256],
						"0.3333": [110.87517, -3.43404, -221.60952],
						"0.7917": [110.87517, -3.43404, -221.60952],
						"0.875": [128.37517, -3.43404, -221.60952],
						"1.25": [110.87517, -3.43404, -221.60952],
						"1.8333": [110.87517, -3.43404, -221.60952],
						"1.9583": [89.20392, -21.12898, -138.32827],
						"2.0833": [87.5062, -33.53405, -140.06529]
					},
					"position": {
						"0.0": [8.18, -13.28, -19.06],
						"0.0833": [9.18, -13.28, -20.06],
						"0.1667": [8.68, -10.53, -22.06],
						"0.2083": [8.68, -10.53, -22.06],
						"0.25": [8.68, -10.03, -22.06],
						"0.2917": [8.68, -10.03, -22.06],
						"0.3333": [8.68, -9.98, -22.06],
						"0.7917": [8.68, -9.23, -22.06],
						"0.875": [8.68, -9.23, -17.06],
						"0.9583": [8.68, -9.23, -11.06],
						"1.25": [8.68, -9.23, -22.06],
						"1.8333": [8.68, -9.98, -22.06],
						"1.9583": [9.18, -13.28, -20.06],
						"2.0833": [8.18, -13.28, -19.06]
					},
					"scale": [1, 1.5, 1]
				},
				"righthand": {
					"rotation": [107.13921, 12.31529, -176.94329],
					"position": [-6.44, -13.45, -5.23],
					"scale": [1, 1.5, 1]
				},
				"root": {
					"rotation": {
						"0.0": {
							"post": [0, 0, 0],
							"lerp_mode": "catmullrom"
						},
						"0.2917": {
							"post": [-7.37303, -1.29752, -12.43066],
							"lerp_mode": "catmullrom"
						},
						"0.4583": {
							"post": [-22.45661, -6.12927, -11.14142],
							"lerp_mode": "catmullrom"
						},
						"0.7083": {
							"post": [-49.95661, -6.12927, -11.14142],
							"lerp_mode": "catmullrom"
						},
						"0.875": {
							"post": [-60.37959, -21.52642, -19.73814],
							"lerp_mode": "catmullrom"
						},
						"1.625": {
							"post": [-60.37959, -21.52642, -19.73814],
							"lerp_mode": "catmullrom"
						},
						"1.7083": {
							"post": [-57.8906, -30.11796, -25.43248],
							"lerp_mode": "catmullrom"
						},
						"1.7917": {
							"post": [-60.83687, -19.34811, -18.42886],
							"lerp_mode": "catmullrom"
						},
						"2.0": {
							"post": [-22.45661, -6.12927, -11.14142],
							"lerp_mode": "catmullrom"
						},
						"2.125": {
							"post": [-7.37303, -1.29752, -12.43066],
							"lerp_mode": "catmullrom"
						},
						"2.25": {
							"post": [0, 0, 0],
							"lerp_mode": "catmullrom"
						}
					},
					"position": {
						"0.0": {
							"post": [0, 0, 0],
							"lerp_mode": "catmullrom"
						},
						"0.2083": {
							"post": [-0.25, 0, 0],
							"lerp_mode": "catmullrom"
						},
						"0.25": {
							"post": [-0.25, 0, 0],
							"lerp_mode": "catmullrom"
						},
						"0.4167": {
							"post": [-2.25, -3, 0],
							"lerp_mode": "catmullrom"
						},
						"0.6667": {
							"post": [-2.25, -6, 1],
							"lerp_mode": "catmullrom"
						},
						"0.8333": {
							"post": [-2.25, -10, -2],
							"lerp_mode": "catmullrom"
						},
						"1.25": {
							"post": [-6.25, -10, -2],
							"lerp_mode": "catmullrom"
						},
						"1.625": {
							"post": [-2.25, -10, -2],
							"lerp_mode": "catmullrom"
						},
						"1.8333": {
							"post": [-2.25, -10, 1],
							"lerp_mode": "catmullrom"
						},
						"2.0": {
							"post": [-2.25, -3, 0],
							"lerp_mode": "catmullrom"
						},
						"2.125": {
							"post": [-0.25, 0, 0],
							"lerp_mode": "catmullrom"
						},
						"2.25": {
							"post": [0, 0, 0],
							"lerp_mode": "catmullrom"
						}
					}
				},
				"mag_and_lefthand": {
					"rotation": {
						"0.3333": {
							"pre": [0, 0, 0],
							"post": [0, 0, 0],
							"lerp_mode": "catmullrom"
						},
						"0.5417": {
							"post": [20, 0, 0],
							"lerp_mode": "catmullrom"
						},
						"0.625": {
							"post": [11.43532, -16.86892, -14.74664],
							"lerp_mode": "catmullrom"
						},
						"0.7917": {
							"post": [26.15644, -6.8175, -97.78667],
							"lerp_mode": "catmullrom"
						},
						"1.25": {
							"post": [7.41878, -26.00303, -37.91639],
							"lerp_mode": "catmullrom"
						},
						"1.4583": {
							"post": [20, 0, 0],
							"lerp_mode": "catmullrom"
						},
						"1.5833": {
							"post": [0, 0, 0],
							"lerp_mode": "catmullrom"
						}
					},
					"position": {
						"0.3333": [0, 0, 0],
						"0.5": [0, -5, 0],
						"0.6667": [17, -5, 6],
						"0.75": [19, -5, 8],
						"1.25": [19, -5, 14],
						"1.375": [7.6, -5, 1.6],
						"1.4583": [0, -5, 0],
						"1.5833": [0, 0, 0]
					}
				},
				"magazine": {
					"rotation": {
						"0.2083": [0, 0, 0],
						"0.25": [0, 0, 0],
						"0.2917": [0, 0, -22.5],
						"0.3333": [0, 0, -22.5],
						"0.375": [0, 0, -30],
						"0.75": [0, 0, -30],
						"1.25": [0, 0, -30],
						"1.375": [0, 0, 0],
						"1.5833": [0, 0, 0],
						"1.625": [0, 0, 0]
					},
					"position": {
						"0.2083": [0, 0, 0],
						"0.25": [0, 0, 0],
						"0.7917": [0, 0, 0],
						"0.875": [-8, 0, 11],
						"0.9583": [-6.22, 0, 16.56],
						"1.2083": [-6.22, 0, 16.56],
						"1.25": [0, 0, 2],
						"1.375": [0, 0, 0],
						"1.5833": [0, 0, 0],
						"1.625": [0, 0, 0]
					}
				}
			}
		},
		"reload_empty": {
			"loop": "hold_on_last_frame",
			"animation_length": 3.3333,
			"bones": {
				"lefthand": {
					"rotation": {
						"0.0": [87.5062, -33.53405, -140.06529],
						"0.0833": [89.20392, -21.12898, -138.32827],
						"0.1667": [104.75985, -15.31073, -185.47149],
						"0.2083": [104.75985, -15.31073, -185.47149],
						"0.25": [110.02277, -6.93567, -212.20256],
						"0.2917": [110.02277, -6.93567, -212.20256],
						"0.3333": [110.87517, -3.43404, -221.60952],
						"0.7917": [110.87517, -3.43404, -221.60952],
						"0.875": [128.37517, -3.43404, -221.60952],
						"1.25": [110.87517, -3.43404, -221.60952],
						"1.7083": [110.87517, -3.43404, -221.60952],
						"1.875": [89.20392, -21.12898, -138.32827],
						"1.9583": [87.5062, -33.53405, -140.06529]
					},
					"position": {
						"0.0": [8.18, -13.28, -19.06],
						"0.0833": [9.18, -13.28, -20.06],
						"0.1667": [8.68, -10.53, -22.06],
						"0.2083": [8.68, -10.53, -22.06],
						"0.25": [8.68, -10.03, -22.06],
						"0.2917": [8.68, -10.03, -22.06],
						"0.3333": [8.68, -9.98, -22.06],
						"0.7917": [8.68, -9.23, -22.06],
						"0.875": [8.68, -9.23, -17.06],
						"0.9583": [8.68, -9.23, -11.06],
						"1.25": [8.68, -9.23, -22.06],
						"1.7083": [8.68, -9.98, -22.06],
						"1.875": [9.18, -13.28, -20.06],
						"1.9583": [8.18, -13.28, -19.06]
					},
					"scale": [1, 1.5, 1]
				},
				"righthand": {
					"rotation": {
						"0.0": [107.13921, 12.31529, -176.94329],
						"1.9167": [107.14, 12.32, -176.94],
						"2.0417": [110.79103, -3.02171, -134.35812],
						"2.125": [99.39888, -8.20185, -120.20786],
						"2.2917": [99.39888, -8.20185, -120.20786],
						"2.4167": [101.18323, -5.50688, -135.07204],
						"2.5": [110.79103, -3.02171, -134.35812],
						"2.5833": [107.14, 12.32, -176.94]
					},
					"position": {
						"0.0": [-6.44, -13.45, -5.23],
						"1.9167": [-6.44, -12.7, -4.48],
						"2.0417": [-9.44, -12.7, -6.48],
						"2.125": [-9.44, -9.7, -7.48],
						"2.1667": [-9.44, -9.7, -7.48],